"","voi_names","vars","renamed_vars","var_coeffs","var_pvals","adj_var_pvals"
"1",TPHE_IST_1YR,voiTPHE_7,TPHE_6,0.952081190019864,0.0517077636990913,0.0702492937279539
"2",OneYear_CD4_C4,voi,voi,-0.405732469440849,0.0772493347520067,0.0772493347520067
"3",Birth_TPHE_C22,voi,voi,0.341067758053356,0.0425158216095789,0.0702492937279539
"4",Discharge_TPHE_C5,voi,voi,-0.337481622204423,0.0546383395661863,0.0702492937279539
"5",OneYear_TPHE_C12,voi,voi,-0.566089696024131,0.00763489575055568,0.0343570308775006
"6",OneYear_TPHE_C17,voi,voi,-0.488838149059666,0.00279849266448812,0.0251864339803931
"7",OneYear_TPHE_C23,voi,voi,-0.481236935776118,0.0296786764998538,0.0702492937279539
"8",OneYear_TPHE_CD8_C13,voi,voi,-0.395879233569465,0.0725130284364701,0.0772493347520067
"9",OneYear_TPHE_CD8_C16,voi,voi,-0.482064180633115,0.0484903431935383,0.0702492937279539
